FileName,FileType
lqsLK8W.dat,PNG
RcayyVLcU1T.dat,BPG
UHHe6f.dat,GIF
ngsoh1Ancz.dat,JPEG
0xi1QMuUob.dat,GIF
ElPNkp.dat,JPEG
Ggx.dat,JPEG
_mj.dat,JPF
SUCn.dat,JXR
KITbVj4iB.dat,PNG
Ff78Dj.dat,JXR
EqGu8.dat,JXR
V6xoa1.dat,BMP
UvZApjJ.dat,BMP
ZW-t.dat,BMP
xxh94ljf.dat,BPG
JjD5bZY.dat,TIF
OM9iGOYd52.dat,WEBP
g3yfjKrAu_h.dat,PNG
Bqq865dlcs7.dat,PNG
Ldl8VBJxq9.dat,TIF
_H6B.dat,JPF
bAu.dat,JPF
Lo0oENcBxPq.dat,WEBP
cOSHr1zLX.dat,WEBP
Wm6D2xUjt6O.dat,BPG
yrkTn-iF3.dat,JPEG
Kl9E9VWUX.dat,JXR
pCHBV.dat,WEBP
PdHJ0D.dat,BPG
gXt.dat,JPF
